Iteration,Index,Observed Target Value
0,53,228.310761552046
1,10,95.58773206251
2,42,179.2410423946837
3,38,182.9546167355371
4,64,95.81586876001889
5,63,228.4671903908735
6,62,277.3861208337041
7,57,296.35081017123304
