Iteration,Index,Observed Target Value,Predicted Target Value,Uncertainty,Max Elastic Modulus_mean in Dataset,Phase,Stopping Reason
0,29,51.50598562924656,,,296.35081017123304,WarmStart,WarmStart
1,50,174.66437205644556,,,296.35081017123304,WarmStart,WarmStart
2,51,181.925661105008,,,296.35081017123304,WarmStart,WarmStart
3,54,197.8404462303588,,,296.35081017123304,WarmStart,WarmStart
4,55,168.33383829683325,,,296.35081017123304,WarmStart,WarmStart
5,56,175.8319549576918,,,296.35081017123304,WarmStart,WarmStart
6,71,270.69323356331364,305.36981201171875,23.35662269592285,296.35081017123304,ActiveLearning,Continuing
7,57,296.35081017123304,221.8869171142578,6.867251873016357,296.35081017123304,ActiveLearning,Max Elastic Modulus_mean in Dataset reached
