Iteration,Index,Observed Target Value,Predicted Target Value,Uncertainty,Max Elastic Modulus in Dataset,Stopping Reason
1,72,189.441220061326,611.74023,113.03759,296.35081017123304,Continuing
2,17,106.8193434000782,250.20885,29.880663,296.35081017123304,Continuing
3,58,211.5086541241532,217.61356,17.860907,296.35081017123304,Continuing
4,8,242.7128680778461,211.11755,30.686743,296.35081017123304,Continuing
5,9,233.7243724057668,234.80862,39.052452,296.35081017123304,Continuing
6,71,270.69323356331364,214.97945,29.754892,296.35081017123304,Continuing
7,59,219.61643412334288,198.91254,31.977865,296.35081017123304,Continuing
8,60,272.2240045816517,204.89975,31.449177,296.35081017123304,Continuing
9,57,296.35081017123304,229.1544,29.609406,296.35081017123304,Max Elastic Modulus reached
