Iteration,Index,Observed Target Value,Predicted Target Value,Uncertainty,Max Elastic Modulus in Dataset,Stopping Reason
1,72,189.441220061326,520.93933,107.464935,296.35081017123304,Continuing
2,17,106.8193434000782,243.71785,31.535635,296.35081017123304,Continuing
3,58,211.5086541241532,239.56425,20.12535,296.35081017123304,Continuing
4,8,242.7128680778461,208.86624,29.170769,296.35081017123304,Continuing
5,9,233.7243724057668,229.51901,39.754833,296.35081017123304,Continuing
6,71,270.69323356331364,229.5628,30.15952,296.35081017123304,Continuing
7,59,219.61643412334288,206.00053,31.466537,296.35081017123304,Continuing
8,60,272.2240045816517,203.4525,31.534357,296.35081017123304,Continuing
9,57,296.35081017123304,231.99263,29.060038,296.35081017123304,Max Elastic Modulus reached
