Iteration,Index,Observed Target Value,Predicted Target Value,Uncertainty,Max Elastic Modulus in Dataset,Stopping Reason
1,72,189.441220061326,580.7809,117.48848,296.35081017123304,Continuing
2,17,106.8193434000782,248.45341,31.550968,296.35081017123304,Continuing
3,58,211.5086541241532,229.20459,19.730515,296.35081017123304,Continuing
4,8,242.7128680778461,219.70987,30.781282,296.35081017123304,Continuing
5,9,233.7243724057668,192.76634,33.698994,296.35081017123304,Continuing
6,71,270.69323356331364,220.04935,29.890135,296.35081017123304,Continuing
7,59,219.61643412334288,208.26137,31.545063,296.35081017123304,Continuing
8,60,272.2240045816517,190.91621,27.554718,296.35081017123304,Continuing
9,57,296.35081017123304,230.58485,29.242048,296.35081017123304,Max Elastic Modulus reached
