Iteration,Index,Observed Target Value,Predicted Target Value,Uncertainty,Max Elastic Modulus in Dataset,Stopping Reason
1,69,110.69482106635698,496.95084,95.846535,296.35081017123304,Continuing
2,53,228.310761552046,237.11444,16.841093,296.35081017123304,Continuing
3,59,219.61643412334288,208.31544,15.040831,296.35081017123304,Continuing
4,8,242.7128680778461,201.43872,30.88906,296.35081017123304,Continuing
5,9,233.7243724057668,222.53822,38.56851,296.35081017123304,Continuing
6,0,81.74085575257114,210.63081,47.784897,296.35081017123304,Continuing
7,55,168.33383829683325,207.62802,29.170763,296.35081017123304,Continuing
8,57,296.35081017123304,211.96332,29.299452,296.35081017123304,Max Elastic Modulus reached
