Iteration,Index,Observed Target Value,Predicted Target Value,Uncertainty,Max Elastic Modulus in Dataset,Stopping Reason
1,69,110.69482106635698,425.05774,87.16168,296.35081017123304,Continuing
2,53,228.310761552046,230.46371,15.673608,296.35081017123304,Continuing
3,59,219.61643412334288,213.82515,15.312651,296.35081017123304,Continuing
4,8,242.7128680778461,216.79214,32.686443,296.35081017123304,Continuing
5,0,81.74085575257114,217.09988,51.164993,296.35081017123304,Continuing
6,9,233.7243724057668,230.14157,33.66814,296.35081017123304,Continuing
7,55,168.33383829683325,205.44482,28.958597,296.35081017123304,Continuing
8,57,296.35081017123304,210.98155,27.621685,296.35081017123304,Max Elastic Modulus reached
