Iteration,Index,Observed Target Value,Predicted Target Value,Uncertainty,Max Elastic Modulus in Dataset,Stopping Reason
1,69,110.69482106635698,564.11273,119.303635,296.35081017123304,Continuing
2,58,211.5086541241532,197.51294,9.575043,296.35081017123304,Continuing
3,59,219.61643412334288,206.47346,15.329353,296.35081017123304,Continuing
4,8,242.7128680778461,212.54388,30.870594,296.35081017123304,Continuing
5,9,233.7243724057668,245.07999,41.69833,296.35081017123304,Continuing
6,0,81.74085575257114,188.13275,49.55185,296.35081017123304,Continuing
7,55,168.33383829683325,211.9206,28.463385,296.35081017123304,Continuing
8,57,296.35081017123304,219.02756,28.930979,296.35081017123304,Max Elastic Modulus reached
