Iteration,Index,Observed Target Value,Predicted Target Value,Uncertainty,Max Elastic Modulus in Dataset,Stopping Reason
1,69,110.69482106635698,455.27466,102.917366,296.35081017123304,Continuing
2,53,228.310761552046,265.74982,18.568764,296.35081017123304,Continuing
3,59,219.61643412334288,213.99939,14.54894,296.35081017123304,Continuing
4,8,242.7128680778461,206.23552,32.428295,296.35081017123304,Continuing
5,0,81.74085575257114,206.88388,45.81395,296.35081017123304,Continuing
6,9,233.7243724057668,232.783,33.740242,296.35081017123304,Continuing
7,55,168.33383829683325,208.08043,27.721823,296.35081017123304,Continuing
8,57,296.35081017123304,203.1866,26.386454,296.35081017123304,Max Elastic Modulus reached
