Iteration,Index,Observed Target Value,Predicted Target Value,Uncertainty,Max Elastic Modulus in Dataset,Stopping Reason
1,69,110.69482106635698,480.82684,95.49229,296.35081017123304,Continuing
2,53,228.310761552046,247.35698,17.135885,296.35081017123304,Continuing
3,59,219.61643412334288,197.82037,13.658525,296.35081017123304,Continuing
4,8,242.7128680778461,202.33398,29.807745,296.35081017123304,Continuing
5,9,233.7243724057668,235.33394,41.88297,296.35081017123304,Continuing
6,0,81.74085575257114,199.13655,47.620304,296.35081017123304,Continuing
7,55,168.33383829683325,200.01317,27.796268,296.35081017123304,Continuing
8,57,296.35081017123304,208.57365,29.53259,296.35081017123304,Max Elastic Modulus reached
